Breed,Size,Activity Level,Good with Kids,Hypoallergenic,Trainability,Image URL,Description
Golden Retriever,Large,High,Yes,No,High,https://images.dog.ceo/breeds/retriever-golden/n02099601_3004.jpg,Friendly and tolerant attitude makes them great family pets.
French Bulldog,Small,Low,Yes,No,Medium,https://images.dog.ceo/breeds/bulldog-french/n02108915_10036.jpg,Playful and alert; adaptable and completely irresistible.
Poodle,Medium,Medium,Yes,Yes,High,https://images.dog.ceo/breeds/poodle-standard/n02113799_2280.jpg,Exceptionally smart and active. Famous for their hypoallergenic coat.
Border Collie,Medium,High,Yes,No,High,https://images.dog.ceo/breeds/collie-border/n02106166_4167.jpg,Remarkably smart workaholics; not for couch potatoes.
Pug,Small,Low,Yes,No,Low,https://images.dog.ceo/breeds/pug/n02110958_11504.jpg,Recognized for their even-tempers and playful personalities.
Shih Tzu,Small,Low,Yes,Yes,Medium,https://images.dog.ceo/breeds/shihtzu/n02086240_10404.jpg,Affectionate and outgoing house dogs who love nothing more than to follow their people.
Labrador Retriever,Large,High,Yes,No,High,https://images.dog.ceo/breeds/retriever-curly/n02099429_121.jpg,Famously friendly and bond well with the whole family.
German Shepherd,Large,High,Yes,No,High,https://images.dog.ceo/breeds/germanshepherd/n02106662_11456.jpg,Intelligent and capable working dogs. Devoted and courageous.
Beagle,Small,High,Yes,No,Medium,https://images.dog.ceo/breeds/beagle/n02088364_12277.jpg,Merry and curious hounds that require plenty of exercise.
Yorkshire Terrier,Small,Medium,No,Yes,Medium,https://images.dog.ceo/breeds/terrier-yorkshire/n02094433_2056.jpg,Sprightly and tomboyish affectionate companions.
Dachshund,Small,Medium,Yes,No,Low,https://images.dog.ceo/breeds/dachshund/n02093556_2595.jpg,Spunky and curious with a famously long body.
Boxer,Large,High,Yes,No,Medium,https://images.dog.ceo/breeds/boxer/n02108089_1159.jpg,Fun-loving and loyal; fiercely protective of their families.
Bichon Frise,Small,Medium,Yes,Yes,High,https://images.dog.ceo/breeds/frise-bichon/6.jpg,Cheerful small dogs with a fluffy hypoallergenic white coat.
Greyhound,Large,Medium,No,No,Low,https://images.dog.ceo/breeds/greyhound-italian/n02091032_10103.jpg,Gentle and noble; fast runners but surprisingly love to lounge.
Dalmatian,Large,High,No,No,High,https://images.dog.ceo/breeds/dalmatian/cooper1.jpg,Energetic and highly intelligent; originally bred to guard horses.
